{
    "items": [
        {
            "name": "OmniView",
            "priority": 0,
            "items": [
                {
                    "name": "Start Frame",
                    "priority": 0,
                    "action": "bin/run.sh",
                    "params": ""
                },
                {
                    "name": "Register Device",
                    "priority": 1,
                    "action": "bin/register.sh",
                    "params": ""
                },
                {
                    "name": "Stop Frame",
                    "priority": 2,
                    "action": "bin/stop.sh",
                    "params": ""
                }
            ]
        }
    ]
}